-- TODO replace with variables once you figure out how to declare them

-- reader 1 - b39f0709-574b-4e62-82b4-6dd98eca93a6
-- admin 1 - 55a08e2e-3a28-42a2-89f6-01e798723968
-- category 1 - 22e4c2d7-cbdc-4513-98cd-917d24c3d32d
-- authors
--       68d0f630-808c-42e3-a97c-75150203ff6c
--       bbf41804-ad07-4cf9-ad6c-6cc9f02c956c
--       17462d5b-59f2-42b2-99f3-9bba1c1631c5

-- books
--       ffa1fd63-9b73-4fa9-8cf1-7492b4c0b874
--       099f22b5-d839-4b60-be60-c4c299726f15
--       1e3ddcaf-c0f0-442d-8087-b6f3bee418a8
--       0c2a1eb0-3d92-4dee-8fa7-e06d49c63b2c
--       e8b7719a-2bdd-4365-96a4-079a75e53898
--       3f207bf0-5256-4599-ab1d-7e050f6bd0c5
--       91005749-dbd4-4e12-95fa-308bfd956e10
--       af4ffa04-2967-4ca7-95a7-2de5aced405a
--       7761d291-efed-4e81-bb1a-cb9f02a8770f
--       9f7abb57-8153-4945-9e68-64f0d0827468
--       2a52dbf7-560f-4fc6-b85e-324e08a77da8
--       6147c0ff-fe26-4303-b417-46e1eb9a998d
--       1668b709-06bb-4aed-a5a1-253344879d9e
--       a57c82bc-24f5-4358-b303-6c789609b48b
--       48459a83-99de-4899-893d-f73a0b48488f
--       7d093d94-44fd-4514-8e7f-7e00810d40be
--       dd31fdc0-e882-4e15-8deb-73d2984e8315
--       3ec4e897-bc9d-441b-9cea-215a1a0e7018
--       f9b1891c-c507-4027-9946-991c54b17bd2
--       28d17353-7c03-4833-b46d-3c11e118294a
--       7401a322-5d43-4abf-90dd-126515c08057
--       054865b6-262c-4ab7-9dad-72b0c43c1be8

-- reading progress
--       c3dbaf91-1aa0-4f7e-811f-d5d6146fa03a
--       f5f61a38-cdb8-4271-954c-460bd0f56349
--       aa3a181e-2e55-4dc8-861c-ad3a86401d38
--       d9bc4821-beb8-4a25-86ed-8cf6032b6cb7
--       380e08e1-7ae8-42fb-8599-9ffa4a9967e2

-- reviews
--       1c8db6c5-6514-42a0-9ee1-00a1f95e0f09
--       38afff96-c146-4974-b8d1-2b6764b07af9
--       ceed9dc0-a134-4f78-ba47-6f8c3c6bfad4
--       012115df-8349-4289-918d-450051ed3f2e

-- reading list
--       75f5a8b2-ca9f-4ef7-ae75-ca496434eccb
--       1dcee1c9-95d9-42dc-ac4a-c0497392e028
--       85cb3933-7110-4db4-a34e-b23c04312329
--       76175e0c-8dca-4d74-b279-0c469ff50080
--       dbaa1985-9313-4eb9-8440-61f04fa49e25

-- covers
-- aae97554-4f34-46ac-a3dc-835af72aef25
-- 08e7e50a-b837-497f-abde-5500f66bfb42
-- 80664ba8-0f2b-4bec-825b-33344161769e
-- 7d83d4eb-f9a3-4cfe-bcf3-f79b942bd2d9
-- 3042a2a7-248e-471b-8a49-23a4b022c13b
-- f15c6da0-e577-43f2-8684-02bafbc70ad5
-- fe5eee4c-d731-4bfb-9781-d0412846c645
-- 37e16e16-c31b-48f9-9cd5-45f1104adbd1
-- ef4bd96f-4b34-40e0-91e7-2a7e5f48d3a4
-- 7978c03f-e6f9-4a64-a98b-ae4ecd718d1f
-- 09691bf9-8c51-49fb-98a2-fdd8285a9697
-- 6649fa79-1943-4779-b175-eb8aae32b677
-- 602a4ba8-484c-4bc5-9814-b7f8de0c8ca4
-- ea4e4e30-ea71-4f12-bdd7-d08bf14cc15b
-- 45e7e5a1-297e-45d3-9cb6-8a474bf52779
-- b840db19-88db-454f-88b8-7da68b84755e
-- a9556eda-4e36-4bdb-af67-beafc5377fc5
-- add7ab55-b615-4f35-83f1-34736ba1fc64
-- fb7b48a0-0ae4-4ca1-b9b7-4ab6a3b24811
-- 10f69009-494b-4247-b590-636ec0740f1e
-- 55f589d4-86e4-4c6d-b294-dc88e47c0bfb
-- 60edc452-e367-41e2-8d14-1c5e32d42e91
-- RANKS
-- 98c5e7cf-874d-44f8-85c6-7007b315d80c
-- 00f335dd-42cb-4f0c-89d9-90a2d571e20e
-- ac550e28-3284-4ed0-9961-7349096bcde5
-- c42fd7d6-eafe-422a-aced-1c321d192d0c
-- 620f9433-03c0-4cd7-8634-b4e2ffffde6a
-- 70028ece-23f9-44bf-906f-c06a2e6007a6
-- 73daf9e2-6dda-46b1-9ddd-88ca61d06417
-- 6101a86c-ea12-45f4-bb53-96b81cb17930
-- 71f6ac75-ccb8-4f94-9e14-392bc310a34b
-- 3a824c8e-e31e-4872-bc29-1303edfba6e4
-- Age Clasess
-- f0a1ec83-bc32-427d-9d2a-543bb54bb00c
-- 8dd24eea-5d49-4fe6-85e7-15303577ba2a
-- 081bea92-e166-4ca7-a1d6-b3cd9f273a03
-- c2597175-7c56-4bae-a3dc-a2f3d3938d74
-- c1e9800b-b3a6-4816-a8b5-79214523ae1e

/*------------------------ROLE-----------------------------------------*/
INSERT INTO "authority" (name) VALUES ('ROLE_READER');
INSERT INTO "authority" (name) VALUES ('ROLE_ADMIN');

/*------------------------age classes-----------------------------------------*/
insert into age_class values ('c1e9800b-b3a6-4816-a8b5-79214523ae1e', 120,   65, 'Elderly');
insert into age_class values ('c2597175-7c56-4bae-a3dc-a2f3d3938d74', 65,    50, 'Aged');
insert into age_class values ('081bea92-e166-4ca7-a1d6-b3cd9f273a03', 55,    30, 'Middle aged');
insert into age_class values ('8dd24eea-5d49-4fe6-85e7-15303577ba2a', 30,    19, 'Young adult');
insert into age_class values ('f0a1ec83-bc32-427d-9d2a-543bb54bb00c', 19,    13, 'Teen');
/*------------------------RANK-----------------------------------------*/
insert into rank values ('71f6ac75-ccb8-4f94-9e14-392bc310a34b', 'Haris',       200,    null);
insert into rank values ('6101a86c-ea12-45f4-bb53-96b81cb17930', 'Doctor',      90,     '71f6ac75-ccb8-4f94-9e14-392bc310a34b');
insert into rank values ('73daf9e2-6dda-46b1-9ddd-88ca61d06417', 'Master',      60,     '6101a86c-ea12-45f4-bb53-96b81cb17930');
insert into rank values ('70028ece-23f9-44bf-906f-c06a2e6007a6', 'Bachelor',    50,     '73daf9e2-6dda-46b1-9ddd-88ca61d06417');
insert into rank values ('620f9433-03c0-4cd7-8634-b4e2ffffde6a', 'Senior',      45,     '70028ece-23f9-44bf-906f-c06a2e6007a6');
insert into rank values ('c42fd7d6-eafe-422a-aced-1c321d192d0c', 'Junior',      35,     '620f9433-03c0-4cd7-8634-b4e2ffffde6a');
insert into rank values ('ac550e28-3284-4ed0-9961-7349096bcde5', 'Sophomore',   25,     'c42fd7d6-eafe-422a-aced-1c321d192d0c');
insert into rank values ('00f335dd-42cb-4f0c-89d9-90a2d571e20e', 'Freshman',    15,     'ac550e28-3284-4ed0-9961-7349096bcde5');
insert into rank values ('98c5e7cf-874d-44f8-85c6-7007b315d80c', 'Newbie',       0,     '00f335dd-42cb-4f0c-89d9-90a2d571e20e');
/*------------------------reader-----------------------------------------*/

insert into "user" values ('b39f0709-574b-4e62-82b4-6dd98eca93a6',	'harry.gegic@gmail.com',	true,	'Haris',	'Gegic',	null,	'$2a$10$TfA5Evj/8pQr0GIrFmWeRe.w0jWZD.1zoFl5MkpyzPZmvbPYWJds.');
insert into reader values (20,	true, 0, null,	'b39f0709-574b-4e62-82b4-6dd98eca93a6', '98c5e7cf-874d-44f8-85c6-7007b315d80c');
insert into user_authority values ('b39f0709-574b-4e62-82b4-6dd98eca93a6',	1);

/*------------------------admin-----------------------------------------*/

insert into "user" values ('55a08e2e-3a28-42a2-89f6-01e798723968',	'admin@mail.com',	true,	'Admin',	'Adminic',	null,	'$2a$10$TfA5Evj/8pQr0GIrFmWeRe.w0jWZD.1zoFl5MkpyzPZmvbPYWJds.');
insert into admin values ('55a08e2e-3a28-42a2-89f6-01e798723968');
insert into user_authority values ('55a08e2e-3a28-42a2-89f6-01e798723968',	2);

/*------------------------category-----------------------------------------*/

insert into category values ('22e4c2d7-cbdc-4513-98cd-917d24c3d32d', 'Kategorija');
insert into category values ('0daa21f6-dd7f-48ee-9d39-2c4ba6b2bdec', 'Druga kategorija');

/*------------------------plan-----------------------------------------*/


insert into plan values ('a8f0fd4e-982b-42db-bf72-f94ee26c2d5d', 3, 'Our plan for beginners', 'Starter', 2.99, '98c5e7cf-874d-44f8-85c6-7007b315d80c');
insert into plan_categories values ('a8f0fd4e-982b-42db-bf72-f94ee26c2d5d', '22e4c2d7-cbdc-4513-98cd-917d24c3d32d');

insert into plan values ('981b8f72-60b9-4c31-a880-1abab63c4d15', 10, 'Our second plan', 'Silver', 4.99, '98c5e7cf-874d-44f8-85c6-7007b315d80c');
insert into plan_categories values ('981b8f72-60b9-4c31-a880-1abab63c4d15', '22e4c2d7-cbdc-4513-98cd-917d24c3d32d');

insert into plan values ('9cb3e2d9-9799-4777-9d7c-26ab5b5c51be', 30, 'Our recommended plan', 'Gold', 9.99, '98c5e7cf-874d-44f8-85c6-7007b315d80c');
insert into plan_categories values ('9cb3e2d9-9799-4777-9d7c-26ab5b5c51be', '22e4c2d7-cbdc-4513-98cd-917d24c3d32d');
insert into plan_categories values ('9cb3e2d9-9799-4777-9d7c-26ab5b5c51be', '0daa21f6-dd7f-48ee-9d39-2c4ba6b2bdec');

insert into plan values ('4f0bcdbd-ba02-479c-bb55-daff7a6b5dd2', 60, 'Our best plan only for best users', 'Gold+', 10.99, '620f9433-03c0-4cd7-8634-b4e2ffffde6a');
insert into plan_categories values ('4f0bcdbd-ba02-479c-bb55-daff7a6b5dd2', '22e4c2d7-cbdc-4513-98cd-917d24c3d32d');
insert into plan_categories values ('4f0bcdbd-ba02-479c-bb55-daff7a6b5dd2', '0daa21f6-dd7f-48ee-9d39-2c4ba6b2bdec');

/*-----------------------author--------------------------------------------*/
INSERT INTO author VALUES('68d0f630-808c-42e3-a97c-75150203ff6c',	0,	'1900-08-07 00:00:00',	'1969-08-07 00:00:00',	'Some description',	'/photos/kristi.png',	'Agata Kristi');
INSERT INTO author VALUES('bbf41804-ad07-4cf9-ad6c-6cc9f02c956c',	0,	'1900-08-07 00:00:00',	'1969-08-07 00:00:00',	'Some description',	'/photos/karizi.jpg',	'Donato Karizi');
INSERT INTO author VALUES('17462d5b-59f2-42b2-99f3-9bba1c1631c5',	0,	'1900-08-07 00:00:00',	'1969-08-07 00:00:00',	'Some description',	'/photos/dostojevski.jpg',	'Fjodor Mihailovič Dostojevski');

/*------------------------book-----------------------------------------*/                                                                                                                                             --tu
insert into book values ('ffa1fd63-9b73-4fa9-8cf1-7492b4c0b874', 	0,	'aae97554-4f34-46ac-a3dc-835af72aef25',	'Some description',	'Ubistvo u Mesopotamiji',   	    0,	'167c2dd8-5998-4c16-8887-95d7605a8bcd',	112,	'22e4c2d7-cbdc-4513-98cd-917d24c3d32d');
insert into book values ('099f22b5-d839-4b60-be60-c4c299726f15',	5,	'08e7e50a-b837-497f-abde-5500f66bfb42',	'Some description',	'Rani slučajevi Herkula Poaroa',	1,  '5fccfa68-d115-404f-a80a-40cc22363457',	112,	'22e4c2d7-cbdc-4513-98cd-917d24c3d32d');
insert into book values ('1e3ddcaf-c0f0-442d-8087-b6f3bee418a8', 	0,	'80664ba8-0f2b-4bec-825b-33344161769e',	'Some description',	'Kukavičje jaje',	                0,	'6f68c3a6-830c-485a-a7f6-87aa7f01db9f',	112,	'22e4c2d7-cbdc-4513-98cd-917d24c3d32d');
insert into book values ('0c2a1eb0-3d92-4dee-8fa7-e06d49c63b2c', 	1,	'7d83d4eb-f9a3-4cfe-bcf3-f79b942bd2d9',	'Some description',	'Slonovi pamte',	                1,	'cf16a54e-f264-462f-a45c-3fcabb273b2a',	112,	'22e4c2d7-cbdc-4513-98cd-917d24c3d32d');
insert into book values ('e8b7719a-2bdd-4365-96a4-079a75e53898', 	4,	'3042a2a7-248e-471b-8a49-23a4b022c13b',	'Some description',	'Ubistvo Rodžera Akrojda',	        1,	'bc1b8515-5253-4a2c-a44e-4809ca7a173b',	112,	'22e4c2d7-cbdc-4513-98cd-917d24c3d32d');
insert into book values ('3f207bf0-5256-4599-ab1d-7e050f6bd0c5',	0,	'f15c6da0-e577-43f2-8684-02bafbc70ad5',	'Some description',	'Smrt na Nilu',                 	0,	'fbf81892-05c1-4d38-a4ff-02e4ccc23b90',	112,	'22e4c2d7-cbdc-4513-98cd-917d24c3d32d');
insert into book values ('91005749-dbd4-4e12-95fa-308bfd956e10',	0,	'fe5eee4c-d731-4bfb-9781-d0412846c645',	'Some description',	'Ubistvo u Orijent Ekspresu',	    0,	'd361f0d0-5d2f-40fe-aaa0-f4aefa8bee1b',	112,	'22e4c2d7-cbdc-4513-98cd-917d24c3d32d');
insert into book values ('af4ffa04-2967-4ca7-95a7-2de5aced405a',	0,	'37e16e16-c31b-48f9-9cd5-45f1104adbd1',	'Some description',	'Lovac na duše',	                0,	'711a7fa5-f20a-4638-853b-30cb90fea0e2',	112,	'22e4c2d7-cbdc-4513-98cd-917d24c3d32d');
insert into book values ('7761d291-efed-4e81-bb1a-cb9f02a8770f',	0,	'ef4bd96f-4b34-40e0-91e7-2a7e5f48d3a4',	'Some description',	'Dečak od stakla',	                0,	'e0d006f7-920d-4cd9-90fb-e5c7eb0cd420',	112,	'22e4c2d7-cbdc-4513-98cd-917d24c3d32d');
insert into book values ('9f7abb57-8153-4945-9e68-64f0d0827468',	0,	'7978c03f-e6f9-4a64-a98b-ae4ecd718d1f',	'Some description',	'Vladar iz senke',	                0,	'361d15d7-4fd1-4d31-a867-2610e17097b9',	112,	'22e4c2d7-cbdc-4513-98cd-917d24c3d32d');
insert into book values ('2a52dbf7-560f-4fc6-b85e-324e08a77da8',	0,	'09691bf9-8c51-49fb-98a2-fdd8285a9697',	'Some description',	'Šaptač',	                        0,	'9a11d859-814e-4bdf-b0e3-2eb0b448e3f9',	112,	'22e4c2d7-cbdc-4513-98cd-917d24c3d32d');
insert into book values ('6147c0ff-fe26-4303-b417-46e1eb9a998d',	0,	'6649fa79-1943-4779-b175-eb8aae32b677',	'Some description',	'Noć mi te uzima',              	0,	'4f01e825-ea9e-4252-bee8-0e0f42396107',	112,	'22e4c2d7-cbdc-4513-98cd-917d24c3d32d');
insert into book values ('1668b709-06bb-4aed-a5a1-253344879d9e',	0,	'602a4ba8-484c-4bc5-9814-b7f8de0c8ca4',	'Some description',	'Gospodar senki',	                0,	'93a4ac87-477c-4ad3-98a1-3bec6d12ee1f',	112,	'22e4c2d7-cbdc-4513-98cd-917d24c3d32d');
insert into book values ('a57c82bc-24f5-4358-b303-6c789609b48b',	0,	'ea4e4e30-ea71-4f12-bdd7-d08bf14cc15b',	'Some description',	'Braća karamazovi I',	            0,	'04ea6c08-ae24-4a4f-8464-9932bbcf52d9',	112,	'22e4c2d7-cbdc-4513-98cd-917d24c3d32d');
insert into book values ('48459a83-99de-4899-893d-f73a0b48488f',	0,	'45e7e5a1-297e-45d3-9cb6-8a474bf52779',	'Some description',	'Braća karamazovi II',	            0,	'9a6b30fd-60ff-4a88-9f39-07d8411bd525',	112,	'22e4c2d7-cbdc-4513-98cd-917d24c3d32d');
insert into book values ('7d093d94-44fd-4514-8e7f-7e00810d40be',	0,	'b840db19-88db-454f-88b8-7da68b84755e',	'Some description',	'Bele noći',	                    0,	'5b5cbdf5-f591-4694-a36c-8fd888707030',	112,   	'22e4c2d7-cbdc-4513-98cd-917d24c3d32d');
insert into book values ('dd31fdc0-e882-4e15-8deb-73d2984e8315',	0,	'a9556eda-4e36-4bdb-af67-beafc5377fc5',	'Some description',	'Zapisi iz podezemlja',	            0,	'6632aecc-d8ea-4c0b-ab8a-a99fc2612ede',	112,	'22e4c2d7-cbdc-4513-98cd-917d24c3d32d');
insert into book values ('3ec4e897-bc9d-441b-9cea-215a1a0e7018',	5,	'add7ab55-b615-4f35-83f1-34736ba1fc64',	'Some description',	'Idiot - I tom',	                1,	'ede98d74-2a26-4610-a84b-b0f7d09fa925',	112,	'22e4c2d7-cbdc-4513-98cd-917d24c3d32d');
insert into book values ('f9b1891c-c507-4027-9946-991c54b17bd2',	0,	'fb7b48a0-0ae4-4ca1-b9b7-4ab6a3b24811',	'Some description',	'Idiot - II tom',	                0,	'549f112a-2116-40a6-8dd3-a3586c82cab7',	112,	'0daa21f6-dd7f-48ee-9d39-2c4ba6b2bdec');
insert into book values ('28d17353-7c03-4833-b46d-3c11e118294a',	0,	'10f69009-494b-4247-b590-636ec0740f1e',	'Some description',	'Zločin i kazna',	                0,	'862431cb-4987-45ec-917b-d1e2e3530a0f',	112,	'22e4c2d7-cbdc-4513-98cd-917d24c3d32d');
insert into book values ('7401a322-5d43-4abf-90dd-126515c08057',	0,	'55f589d4-86e4-4c6d-b294-dc88e47c0bfb',	'Some description',	'Bedni ljudi',	                    0,	'83243caf-7e96-4dde-af1d-9a59612a2c24',	112,	'22e4c2d7-cbdc-4513-98cd-917d24c3d32d');
insert into book values ('054865b6-262c-4ab7-9dad-72b0c43c1be8',	0,	'60edc452-e367-41e2-8d14-1c5e32d42e91',	'Some description',	'Kockar',                       	0,	'96094631-dfad-4f49-a5af-be0be724488a',	112,	'22e4c2d7-cbdc-4513-98cd-917d24c3d32d');

/*-------------------------book_authors-------------------------*/
INSERT INTO book_authors VALUES('ffa1fd63-9b73-4fa9-8cf1-7492b4c0b874',	'68d0f630-808c-42e3-a97c-75150203ff6c');
INSERT INTO book_authors VALUES('099f22b5-d839-4b60-be60-c4c299726f15',	'68d0f630-808c-42e3-a97c-75150203ff6c');
INSERT INTO book_authors VALUES('1e3ddcaf-c0f0-442d-8087-b6f3bee418a8',	'68d0f630-808c-42e3-a97c-75150203ff6c');
INSERT INTO book_authors VALUES('0c2a1eb0-3d92-4dee-8fa7-e06d49c63b2c',	'68d0f630-808c-42e3-a97c-75150203ff6c');
INSERT INTO book_authors VALUES('e8b7719a-2bdd-4365-96a4-079a75e53898',	'68d0f630-808c-42e3-a97c-75150203ff6c');
INSERT INTO book_authors VALUES('3f207bf0-5256-4599-ab1d-7e050f6bd0c5',	'68d0f630-808c-42e3-a97c-75150203ff6c');
INSERT INTO book_authors VALUES('91005749-dbd4-4e12-95fa-308bfd956e10',	'68d0f630-808c-42e3-a97c-75150203ff6c');
INSERT INTO book_authors VALUES('af4ffa04-2967-4ca7-95a7-2de5aced405a',	'bbf41804-ad07-4cf9-ad6c-6cc9f02c956c');
INSERT INTO book_authors VALUES('7761d291-efed-4e81-bb1a-cb9f02a8770f',	'bbf41804-ad07-4cf9-ad6c-6cc9f02c956c');
INSERT INTO book_authors VALUES('9f7abb57-8153-4945-9e68-64f0d0827468',	'bbf41804-ad07-4cf9-ad6c-6cc9f02c956c');
INSERT INTO book_authors VALUES('2a52dbf7-560f-4fc6-b85e-324e08a77da8',	'bbf41804-ad07-4cf9-ad6c-6cc9f02c956c');
INSERT INTO book_authors VALUES('6147c0ff-fe26-4303-b417-46e1eb9a998d',	'bbf41804-ad07-4cf9-ad6c-6cc9f02c956c');
INSERT INTO book_authors VALUES('1668b709-06bb-4aed-a5a1-253344879d9e',	'bbf41804-ad07-4cf9-ad6c-6cc9f02c956c');
INSERT INTO book_authors VALUES('a57c82bc-24f5-4358-b303-6c789609b48b',	'17462d5b-59f2-42b2-99f3-9bba1c1631c5');
INSERT INTO book_authors VALUES('48459a83-99de-4899-893d-f73a0b48488f',	'17462d5b-59f2-42b2-99f3-9bba1c1631c5');
INSERT INTO book_authors VALUES('7d093d94-44fd-4514-8e7f-7e00810d40be',	'17462d5b-59f2-42b2-99f3-9bba1c1631c5');
INSERT INTO book_authors VALUES('dd31fdc0-e882-4e15-8deb-73d2984e8315',	'17462d5b-59f2-42b2-99f3-9bba1c1631c5');
INSERT INTO book_authors VALUES('3ec4e897-bc9d-441b-9cea-215a1a0e7018',	'17462d5b-59f2-42b2-99f3-9bba1c1631c5');
INSERT INTO book_authors VALUES('f9b1891c-c507-4027-9946-991c54b17bd2',	'17462d5b-59f2-42b2-99f3-9bba1c1631c5');
INSERT INTO book_authors VALUES('28d17353-7c03-4833-b46d-3c11e118294a',	'17462d5b-59f2-42b2-99f3-9bba1c1631c5');
INSERT INTO book_authors VALUES('7401a322-5d43-4abf-90dd-126515c08057',	'17462d5b-59f2-42b2-99f3-9bba1c1631c5');
INSERT INTO book_authors VALUES('054865b6-262c-4ab7-9dad-72b0c43c1be8',	'17462d5b-59f2-42b2-99f3-9bba1c1631c5');

/*----------------reading_progress------------------------------------*/
INSERT INTO reading_progress VALUES('c3dbaf91-1aa0-4f7e-811f-d5d6146fa03a',	'2021-05-23 12:20:00',	14, 	'ffa1fd63-9b73-4fa9-8cf1-7492b4c0b874',	'b39f0709-574b-4e62-82b4-6dd98eca93a6');
INSERT INTO reading_progress VALUES('f5f61a38-cdb8-4271-954c-460bd0f56349',	'2021-05-23 12:20:00',	104, 	'099f22b5-d839-4b60-be60-c4c299726f15',	'b39f0709-574b-4e62-82b4-6dd98eca93a6');
INSERT INTO reading_progress VALUES('aa3a181e-2e55-4dc8-861c-ad3a86401d38',	'2021-05-23 12:20:00',	110,	'0c2a1eb0-3d92-4dee-8fa7-e06d49c63b2c',	'b39f0709-574b-4e62-82b4-6dd98eca93a6');
INSERT INTO reading_progress VALUES('d9bc4821-beb8-4a25-86ed-8cf6032b6cb7',	'2021-05-23 12:20:00',	112,	'3ec4e897-bc9d-441b-9cea-215a1a0e7018',	'b39f0709-574b-4e62-82b4-6dd98eca93a6');
INSERT INTO reading_progress VALUES('380e08e1-7ae8-42fb-8599-9ffa4a9967e2',	'2021-05-23 12:20:00',	101, 	'e8b7719a-2bdd-4365-96a4-079a75e53898',	'b39f0709-574b-4e62-82b4-6dd98eca93a6');

/*-------------review---------------------------------*/
INSERT INTO review VALUES('1c8db6c5-6514-42a0-9ee1-00a1f95e0f09',	'Mislim da je knjiga zaista sjajna. Sve preporuke!',	5,	'2021-05-23 12:20:00',	'099f22b5-d839-4b60-be60-c4c299726f15',	'b39f0709-574b-4e62-82b4-6dd98eca93a6');
INSERT INTO review VALUES('38afff96-c146-4974-b8d1-2b6764b07af9',	'Smeće!',	                                            1,	'2021-05-23 12:20:00',	'0c2a1eb0-3d92-4dee-8fa7-e06d49c63b2c',	'b39f0709-574b-4e62-82b4-6dd98eca93a6');
INSERT INTO review VALUES('ceed9dc0-a134-4f78-ba47-6f8c3c6bfad4',	'9/10',                                             	5,	'2021-05-23 12:20:00',	'3ec4e897-bc9d-441b-9cea-215a1a0e7018',	'b39f0709-574b-4e62-82b4-6dd98eca93a6');
INSERT INTO review VALUES('012115df-8349-4289-918d-450051ed3f2e',	'Jako uzbudljivo,	kraj je veoma nepredvidljiv.',    	4,	'2021-05-23 12:20:00',	'e8b7719a-2bdd-4365-96a4-079a75e53898',	'b39f0709-574b-4e62-82b4-6dd98eca93a6');

/*-------------------reading_list---------------------------------*/
INSERT INTO reading_list VALUES('75f5a8b2-ca9f-4ef7-ae75-ca496434eccb',	'054865b6-262c-4ab7-9dad-72b0c43c1be8',	'b39f0709-574b-4e62-82b4-6dd98eca93a6');
INSERT INTO reading_list VALUES('1dcee1c9-95d9-42dc-ac4a-c0497392e028',	'3ec4e897-bc9d-441b-9cea-215a1a0e7018',	'b39f0709-574b-4e62-82b4-6dd98eca93a6');
INSERT INTO reading_list VALUES('85cb3933-7110-4db4-a34e-b23c04312329',	'6147c0ff-fe26-4303-b417-46e1eb9a998d',	'b39f0709-574b-4e62-82b4-6dd98eca93a6');
INSERT INTO reading_list VALUES('76175e0c-8dca-4d74-b279-0c469ff50080',	'28d17353-7c03-4833-b46d-3c11e118294a',	'b39f0709-574b-4e62-82b4-6dd98eca93a6');
INSERT INTO reading_list VALUES('dbaa1985-9313-4eb9-8440-61f04fa49e25',	'91005749-dbd4-4e12-95fa-308bfd956e10',	'b39f0709-574b-4e62-82b4-6dd98eca93a6');
